brand_key,raw_variants,clean_variants,listings,chains,examples
robinsons movieworld,28,2,38,1,ROBINSONS MOVIEWORLD | ROBINSONS MOVIEWORLD ( 063 ) 224-2822 | ROBINSONS MOVIEWORLD ( 0908-811-0150 ) | ROBINSONS MOVIEWORLD ( 0919-087-0827 ) | ROBINSONS MOVIEWORLD ( 0938-860-5351 ) | ROBINSONS MOVIEWORLD ( 0945-795-5202) | ROBINSONS MOVIEWORLD ( 0961-525-0003 ) | ROBINSONS MOVIEWORLD ( 0998-591-3227 )
potato corner,8,6,263,9,POTATO CORNER | POTATO CORNER (KIOSK) | POTATO CORNER+ | Potato Corner | Potato Corner (pixie Forest) | Potato Corner (timezone) | Potato Corner (x-site) | Potato Corner 9923186737
mcdonalds,8,5,84,9,MCDONALD'S | MCDONALDS | Mc Donald's | McDONALD'S | McDonald's | Mcdonald's | Mcdonald's 9686914110 | Mcdonald’s
bpi atm,8,8,27,4,BPI (ATM booth) (NEW) | BPI (ATM) | BPI (EXPRESS TELLER ATM) | BPI - ATM | BPI ATM | Bpi ( Atm – Alabang- Zapote ) | Bpi ( Atm – Bridgeway) | Bpi ( Atm – Parkway)
watsons,7,3,251,10,WATSON'S | WATSONS | WATSONS 0917-805-3732 | WATSONS 0995-011-1269 | Watsons | Watsons (east Wing) | Watsons 0923-744-0690
shakeys,7,2,98,8,SHAKEY'S | SHAKEY'S (032)505-5860 | SHAKEY'S 9278110353 | SHAKEYS | Shakey's | Shakeys | Shakey’s
levis,7,2,87,7,LEVI'S | LEVI'S (8805-2230) | LEVIS | LEVI’S | Levi's | Levi's 5216-563 | Levi’s
world of fun,7,2,55,4,WORLD OF FUN | WORLD OF FUN (OPEN) | WORLD OF FUN 9058818079 | WORLD OF FUN 9058818079 (OPEN) | World Of Fun | World of Fun | World of Fun 9063309735
scents co,7,3,34,4,"THE SCENTS CO | THE SCENTS CO. | THE SCENTS CO. 9973679659 | The Scents Co | The Scents Co. | The Scents Co. 9973679659 | The Scents, Co."
lots a pizza,7,5,9,6,LOT'S A PIZZA | LOTS A PIZZA | LOTS' A PIZZA | Lot's A Pizza | Lots A Pizza | Lots a Pizza | Lots' A Pizza 📲 0948-122-8792
samsung,6,1,176,8,SAMSUNG | SAMSUNG (OPEN) | Samsung | Samsung (TEMPORARILY CLOSED) | Samsung 5320034 | Samsung 8961-3056
ian darcy,6,1,133,8,IAN DARCY | IAN DARCY (NEW) | IAN DARCY 9176263352 | Ian Darcy | Ian Darcy 9176216444 | Ian Darcy 9230870741
gong cha,6,2,112,9,GONG CHA | GONG CHA (OPEN) | GONG CHA 0938-438-0315 | Gong Cha | Gong Cha 0906-175-3810 | Gong cha
turks,6,2,79,8,TURKS | TURKS (0985 306 0941) | TURKS 9175677006 | TURKS 995450011 | Turks | Turks 📲 0966-178-6279
toms world,6,2,78,6,TOM'S WORLD | TOMS WORLD | TOMS WORLD 0999 983 8319 | Tom's World | Tom's World 8961 6210 (OPEN) | Tom’s World
shawarma shack,6,2,75,8,SHAWARMA SHACK | SHAWARMA SHACK 0917-573-2556 (NEW) | Shawarma Shack | Shawarma Shack (new) | Shawarma Shack 9298246713 | THE SHAWARMA SHACK
auntie annes,6,2,67,7,AUNTIE ANNE'S | AUNTIE ANNE'S (0994-630-3428) | AUNTIE ANNES | Auntie Anne's | Auntie Annes | Auntie Anne’s
mr quickie,6,3,64,9,MR QUICKIE | MR. QUICKIE | Mr Quickie | Mr. Quickie | Mr. Quickie 9686914110 | Mr.Quickie
macao imperial tea,6,2,55,4,MACAO IMPERIAL TEA | MACAO IMPERIAL TEA (075) 615-0610 | MACAO IMPERIAL TEA (9603534804) | MACAO IMPERIAL TEA 9059164310 | Macao Imperial Tea | Macao Imperial Tea 0917-555-3955
dunkin donuts,6,2,50,5,DUNKIN DONUTS | DUNKIN' DONUTS | Dunkin Donuts | Dunkin' Donuts | Dunkin' Donuts (TEMPORARILY CLOSED) | Dunkin’ Donuts
kids paradise,6,2,25,4,KID'S PARADISE | KIDS PARADISE | KIDS PARADISE (Open) | Kid's Paradise | Kids Paradise | Kids Paradise 9101147695
uncle johns,6,3,22,3,UNCLE JOHN'S | UNCLE JOHN'S (ADRIATICO WING) | UNCLE JOHN'S (PADRE FAURA WING) | UNCLE JOHN'S0998-846-6030 | Uncle John's | Uncle John's 0998-846-6053
i watch,6,5,20,4,I WATCH | I-WATCH | I-Watch | I-watch | i-WATCH | i-Watch
wash n wear,6,3,18,3,WASH 'N WEAR | WASH N WEAR | WASH N' WEAR | Wash N Wear | Wash N' Wear | Wash N' Wear 9669776715
pick up coffee,6,4,15,4,PICK UP COFFEE | PICK-UP COFFEE | Pick Up Coffee | Pick up Coffee | Pick-Up Coffee | Pick-up Coffee
lemon co,6,3,11,2,LEMON CO | THE LEMON CO | THE LEMON CO. | THE LEMON CO. 0920-952-8907 | The Lemon Co | The Lemon Co.
lil orbits mini donuts,6,5,11,6,LIL ORBITS MINI DONUTS | LIL' ORBITS MINI DONUTS | Lil ' Orbits Mini Donuts | Lil' Orbits Mini Donuts | Lil' Orbits Mini-Donuts | Li’l Orbits Mini Donuts
tah mee,6,4,9,5,TAH MEE | TAH MEE 0968 449 0361 TEMPORARILY CLOSED | TAH- MEE | TAH-MEE | Tah-Mee | Tah-mee
dunkin,5,2,124,5,DUNKIN | DUNKIN' | DUNKIN' 9553308377 | Dunkin' | Dunkin’
aquaflask,5,2,120,7,AQUAFLASK | AQUAFLASK (0930-463-6746) | AquaFlask | Aquaflask | Aquaflask 9079115440
lbc,5,1,103,8,LBC | LBC (0917-802-5235) | LBC (OPEN) | LBC 0917 854 3822 | LBC 9178503089
davids salon,5,2,93,7,DAVID'S SALON | DAVIDS SALON | David's Salon | Davids Salon | David’s Salon
waffle time,5,1,89,8,WAFFLE TIME | WAFFLE TIME (OPEN) | Waffle Time | Waffle Time (NEW) | Waffle Time 9954641325
bpi,5,5,76,8,BANK OF THE PHILIPPINE ISLANDS | BPI | Bank of the Philippine Islands | Bank of the Philippine Islands (BPI) | Bpi
maxs restaurant,5,2,73,5,MAX'S RESTAURANT | MAXS RESTAURANT | Max's Restaurant | Max's Restaurant (OPEN) | Max’s Restaurant
lighters galore,5,2,69,8,LIGHTERS GALORE | Lighter's Galore | Lighter's Galore 9429565643 | Lighters Galore | Lighters Galore 9393843029
cafe mary grace,5,4,56,4,CAFE MARY GRACE | CAFÉ MARY GRACE | Cafe Mary Grace | Cafe Mary Grace -kiosk | CafÉ Mary Grace
taters,5,2,54,7,TATER'S | TATERS | TATERS (OPEN) | Tater's | Taters
brunos barbers,5,3,50,6,BRUNO'S BARBERS | BRUNOS BARBER'S | BRUNOS BARBERS | Bruno's Barbers | Bruno’s Barbers
toys r us,5,3,42,5,TOYS R US | Toys R Us | Toys R Us (new) | Toys R’ Us | Toys ‘R’ Us
buffalos wings n things,5,3,38,6,BUFFALO'S WINGS N' THINGS | BUFFALOS WINGS N THINGS | Buffalo's Wings N Things | Buffalo's Wings N' Things | Buffalo’s Wings N’ Things
gerrys grill,5,2,36,6,GERRY'S GRILL | GERRY's GRILL | Gerry's Grill | Gerry's Grill (TEMPORARILY CLOSED) | Gerry’s Grill
xiaomi,5,1,34,8,XIAOMI | XIAOMI (OPEN) | XIAOMI 0999-167-2888 | XIAOMI 8802-1532 / 09669776715 | Xiaomi
bdo atm,5,5,33,6,BDO (ATM booth) (NEW) | BDO (ATM) | BDO ATM | Banco De Oro- ATM | Bdo ( Atm – Bridgeway)
tokyo,5,3,33,6,@ Tokyo (open) | @TOKYO | @Tokyo | TOKYO | Tokyo
miguelitos ice cream,5,2,26,5,MIGUELITO'S ICE CREAM | MIGUELITOS ICE CREAM | Miguelito's Ice Cream | Miguelitos Ice Cream | Miguelito’s Ice Cream
res toe run,5,3,26,5,RES TOE RUN | RES-TOE-RUN | Res Toe Run | Res Toe Run 8282-2220 | Res-toe-run
ate ricas bacsilog,5,2,22,6,ATE RICA'S BACSILOG | ATE RICA'S BACSILOG 0929-329-5776 | Ate Rica's Bacsilog | Ate Ricas Bacsilog | Ate Rica’s Bacsilog
giligans,5,2,22,6,GILIGAN'S | GILIGANS | Giligan's | Giligans | Giligan’s
siomai king,5,2,22,3,SIOMAI KING | SIOMAI KING 0908 783 0318 | Siomai King | Siomai King 9954641325 | siomai king
rrj mr lee,5,5,20,3,RRJ / MR. LEE | RRJ/ MR.LEE | RRJ/MR. LEE | RRJ/MR.LEE | RRJ/Mr. Lee
mothers touch,5,2,13,3,MOTHER'S TOUCH | MOTHER'S TOUCH (TEMPORARILY CLOSED) | MOTHERS TOUCH | Mother's Touch | Mother's Touch 9178676877
metrobank atm,5,4,11,4,METROBANK - ATM | METROBANK ATM | Metrobank (ATM) | Metrobank (atm – Alabang Zapote) | Metrobank ATM
lil orbits,5,3,10,3,LI'L ORBITS | LIL ORBITS | LIL' ORBITS 0942-240-1066 | Lil Orbits | Lil' Orbits
pick n save,5,3,9,3,PICK N' SAVE | Pick 'N Save | Pick N' Save | Pick N’ Save | Pick ‘n Save
pnb atm,5,4,8,3,PNB (ATM) (NEW) | PNB - ATM | PNB ATM | PNB ATM 9685728514 | Pnb ( Atm – Alabang Zapote)
farinas ilocos empanada,5,3,6,3,FARINAS ILOCOS EMPANADA | FARIÑAS ILOCOS EMPANADA | Farina's Ilocos Empanada | Farinas Ilocos Empanada | Farina’s Ilocos Empanada
paiks coffee,5,2,6,4,PAIK'S COFFEE | PAIKS COFFEE | PAIK’S COFFEE | Paik's Coffee | Paik’s Coffee
bdo,4,3,189,8,BANCO DE ORO | BDO | BDO (682-9114 / 0919-063-4948) | Banco de Oro
executive optical,4,2,156,10,EXECUTIVE OPTICAL | Executive Optical | Executive Optical ( TEMPORARILY CLOSED) | Executive Optical (alabang-zapote)
goldilocks,4,2,126,9,GOLDILOCK'S | GOLDILOCKS | Goldilocks | Goldilocks 0965-428-5821
realme,4,2,100,8,REALME | REALME 0917-123-4115 | RealMe | Realme
turks shawarma,4,2,84,3,TURK'S SHAWARMA | TURKS SHAWARMA | Turks Shawarma | Turks Shawarma 9328426548
krispy kreme,4,2,82,8,KRISPY KREME | KRISPY KREME (KIOSK) | Krispy Kreme | Krispy Kreme 9190819300
unisilver,4,2,80,4,UNISILVER | UniSilver | Unisilver | Unisilver 9171036849 (OPEN)
starbucks,4,2,70,6,STARBUCKS | STARBUCKS (CENTER ATRIUM) | Starbucks | Starbucks (Center Atrium)
nails glow,4,3,61,6,NAILS GLOW | NAILS. GLOW | NAILS.GLOW | Nails.Glow
buko juan,4,2,60,6,BUKO JUAN | BUKO JUAN (0962-828-8057) | Buko Juan | Buko-Juan ( TEMPORARILY CLOSED )
mr diy,4,3,58,8,MR DIY | MR. DIY | Mr. DIY | Mr. Diy
mr kimbob,4,2,58,4,MR KIMBOB | MR. KIMBOB | MR. KIMBOB (NEW) | Mr. Kimbob
pickup coffee,4,2,55,5,PICKUP COFFEE | PICKUP COFFEE 0970-688-7973 | PickUp Coffee | Pickup Coffee
kenny rogers,4,2,54,4,KENNY ROGERS | Kenny Roger's | Kenny Rogers | Kenny Rogers (02) 8961-5773 / 09175966342
chizmozza,4,3,50,7,CHIZMOZZA | ChizMozza | Chizmozza | chizmozza
sunnies studios,4,2,49,7,SUNNIES STUDIOS | Sunnie's Studios | Sunnies Studios | Sunnies Studios 9178293590
7eleven,4,3,48,7,7 ELEVEN | 7-ELEVEN | 7-Eleven | 7-eleven
coffee bean & tea leaf,4,2,45,6,Coffee Bean & Tea Leaf | THE COFFEE BEAN & TEA LEAF | THE COFFEE BEAN & TEA LEAF 0917-848-2790 | The Coffee Bean & Tea Leaf
lets face it,4,2,44,4,LET'S FACE IT | LETS FACE IT | Let's Face It | Let’s Face It
s&r new york style pizza,4,2,39,5,S&R NEW YORK STYLE PIZZA | S&R New York Style Pizza | S&R New York Style Pizza 9688958586/9175417483 | S&r New York Style Pizza
chingu buko house,4,2,33,4,CHINGU BUKO HOUSE | CHINGU BUKO HOUSE 0925-735-0760 | Chingu Buko House | Chingu Buko House 📲 0950-877-1061
beautederm,4,3,31,3,BEAUTEDERM | BEAUTÉDERM | BEAUTéDERM | Beautederm
mary grace,4,2,29,6,MARY GRACE | MARY GRACE 0956-200-2544 | Mary Grace | Mary Grace (Kiosk)
italiannis,4,2,28,6,ITALIANNI'S | ITALIANNIS | Italianni's | Italianni’s
julies bakeshop,4,2,27,5,JULIE'S BAKESHOP | JULIES BAKESHOP | Julie's Bakeshop | Julie’s Bakeshop
wendys,4,2,27,7,WENDY'S | WENDYS | Wendy's | Wendy’s
ogawa,4,2,26,6,OGAWA | OGAWA (KIOSK) | OGAWA 8571-0812 | Ogawa
planet sports,4,2,24,5,PLANET SPORTS | PLANET SPORTS (Soon to Open) | PLanet Sports | Planet Sports
katinko,4,2,23,4,KATINKO | KATINKO (Kiosk) | KATINKO 9171160321 | Katinko
yamang bukid,4,2,23,4,YAMANG BUKID | YAMANG-BUKID | Yamang Bukid | Yamang Bukid 9478041524
razons of guagua,4,3,22,3,RAZON'S OF GUAGUA | RAZONS OF GUAGUA | Razon's of Guagua (OPEN) | Razon’s Of Guagua
banana peel,4,2,20,7,BANANA PEEL | BANANA PEEL (NEW) | Banana Peel | Banana peel
chilis,4,2,19,5,CHILI'S | CHILIS | Chili's | Chili’s
chooks,4,2,18,3,CHOOKS | CHOOKS! | Chooks! | Chooks! (NEW)
n cat,4,3,18,6,N. CAT | N.CAT | N.Cat | N.cat
tgi fridays,4,4,18,3,TGI FRIDAY'S | TGI FRIDAYS | TGI Friday's | TGI Fridays
nonos,4,2,17,4,NONO'S | NONOS | Nono's | Nono’s
salon de rose,4,2,17,4,SALON DE ROSE | SALON DE ROSE 0920-910-2476 | Salon De Rose | Salon de Rose
aboys fresh lumpia,4,2,16,4,ABOY'S FRESH LUMPIA | ABOYS FRESH LUMPIA | Aboy's Fresh Lumpia | Aboy’s Fresh Lumpia
eo executive optical,4,3,16,4,EO EXECUTIVE OPTICAL | EO Executive Optical | EO-Executive Optical | Eo Executive Optical
st pauls,4,3,16,3,ST PAULS | ST. PAULS | St. Paul's | St. Pauls
bangs prime salon,4,2,15,5,BANGS PRIME SALON | BANG’S PRIME SALON | Bangs Prime Salon | Bang’s Prime Salon
filbars,4,2,15,6,FILBAR'S | FILBARS | Filbar's | Filbar’s
kiehls,4,2,13,4,KIEHL'S | KIEHLS | Kiehl's | Kiehl’s
m lhuillier,4,2,13,5,M LHUILLIER | M Lhuillier | M. LHUILLIER | M. Lhuillier
sams everything on sticks,4,3,13,3,SAM'S EVERYTHING ON STICKS | SAMS EVERYTHING ON STICKS | Sam's Everything On Sticks | Sam's Everything on Sticks
bigbys,4,2,12,3,BIGBY'S | BIGBYS | Bigby's | Bigby’s
chops childrens park,4,2,11,3,CHOPS CHILDREN'S PARK | CHOPS CHILDRENS PARK | Chops Children's Park | Chops Childrens Park
hungry pita,4,2,9,2,HUNGRY PITA | Hungry Pita | THE HUNGRY PITA | The Hungry Pita
lugang cafe,4,2,9,4,LUGANG CAFE | LUGANG CAFÉ | Lugang Cafe | Lugang Café
dominos pizza,4,2,8,5,DOMINO'S PIZZA | DOMINOS PIZZA | Domino's Pizza | Domino’s Pizza
gerrys,4,2,7,3,GERRY'S | GERRYS | Gerry's | Gerry’s
coffee bean and tea leaf,4,3,5,3,Coffee Bean And Tea Leaf | THE COFFEE BEAN AND TEA LEAF | THE COFFEE BEAN AND TEA LEAF 0966-547-0005 | The Coffee Bean and Tea Leaf
poppers pop,4,2,5,2,POPPER'S POP | POPPERS POP | Popper's Pop TEMPORARILY CLOSED | Poppers Pop
mr pluffy,4,2,4,1,MR. PLUFFY | MR.PLUFFY | Mr. Pluffy | Mr. Pluffy 9688979455
pos digital,4,4,4,2,PO'S DIGITAL 5320034 | PO's Digital | POS DIGITAL | POS Digital
oppo,3,2,126,9,OPPO | OPPO 9367318614 (OPEN) | Oppo
ace hardware,3,2,114,6,ACE HARDWARE | ACE Hardware | Ace Hardware
lbc express,3,2,102,6,LBC EXPRESS | LBC Express | Lbc Express
breadtalk,3,2,84,6,BREADTALK | BreadTalk | Breadtalk
forme,3,2,81,6,FORME | ForMe | Forme
avocadoria ph,3,3,80,4,AVOCADORIA.PH | Avocadoria.PH | Avocadoria.ph
tokyo tokyo,3,2,72,7,TOKYO TOKYO | Tokyo Tokyo | Tokyo-Tokyo
guess,3,2,63,7,GUESS | Guess | Guess?
pc express,3,2,61,6,PC EXPRESS | PC Express | Pc Express
ojo eyewear,3,2,56,6,OJO EYEWEAR | OJO Eyewear | Ojo Eyewear
dermcare,3,2,53,6,DERMCARE | DermCare 9258558937 | Dermcare
western union,3,2,50,3,WESTERN UNION | Western Union | Western Union (Center Atrium)
hey sugar waxing salon,3,2,48,4,HEY SUGAR WAXING SALON | HEY SUGAR! WAXING SALON | Hey Sugar! Waxing Salon
coco fresh tea and juice,3,2,46,3,COCO FRESH TEA AND JUICE | Coco Fresh Tea And Juice | Coco Fresh Tea and Juice
datablitz,3,2,42,5,DATABLITZ | DataBlitz | Datablitz
llao llao,3,2,42,4,LLAO LLAO | Llao Llao | llao-llao 9175651015
french baker,3,2,40,5,French Baker | THE FRENCH BAKER | The French Baker
travel club,3,2,40,6,THE TRAVEL CLUB | The Travel Club | Travel Club
body shop,3,2,39,6,THE BODY SHOP | THE BODY SHOP (KIOSK) | The Body Shop
dr kong,3,2,39,6,DR KONG | DR. KONG | Dr. Kong
cebuana lhuillier,3,2,38,7,CEBUANA LHUILLIER | CEBUANA LHUILLIER (KIOSK) | Cebuana Lhuillier
giligans restaurant,3,2,36,3,GILIGAN'S RESTAURANT | GILIGANS RESTAURANT | Giligan’s Restaurant
rest n go,3,2,36,6,REST N GO | Rest N Go | Rest N' Go
pan de manila,3,2,33,5,PAN DE MANILA | Pan De Manila | Pan de Manila
banh mi kitchen,3,2,31,5,BANH MI KITCHEN | Banh Mi Kitchen | Bánh mì Kitchen
buko ni fruitas,3,2,29,6,BUKO NI FRUITAS | Buko Ni Fruitas | Buko ni Fruitas
coco fresh tea & juice,3,2,29,5,COCO FRESH TEA & JUICE | CoCo Fresh Tea & Juice | Coco Fresh Tea & Juice
blk cosmetics,3,2,27,6,BLK COSMETICS | BLK Cosmetics | Blk Cosmetics
handyman do it best,3,3,27,2,HANDYMAN DO-IT-BEST | Handyman Do It Best | Handyman Do it Best
zus coffee,3,2,27,6,ZUS COFFEE | ZUS Coffee | Zus Coffee
but first coffee,3,2,23,4,"BUT FIRST COFFEE | BUT FIRST, COFFEE | But First Coffee"
ugreen,3,2,22,4,UGREEN | UGreen | Ugreen
sisig hooray,3,2,21,6,SISIG HOORAY | SISIG HOORAY! | Sisig Hooray
fitflop,3,2,20,5,FITFLOP | FitFlop | Fitflop
wrist pod,3,3,20,3,WRIST POD | WRIST_POD | Wrist-pod
llaollao,3,2,19,2,LLAOLLAO | LLAOLLAO (09927296818) | llaollao
sandwich guy,3,2,19,3,Sandwich Guy | THE SANDWICH GUY | The Sandwich Guy
m lhuillier jewellers,3,2,18,3,M LHUILLIER JEWELLERS | M. LHUILLIER JEWELLERS | M. LHUILLIER JEWELLERS 9479990359
abenson home,3,2,17,3,ABENSON HOME | Abenson HOME | Abenson Home
lil people,3,2,17,4,LI'L PEOPLE | LIL PEOPLE | Li'l People
brow studio,3,2,16,4,Brow Studio | THE BROW STUDIO | The Brow Studio
g shock,3,2,16,6,G-SHOCK | G-Shock | G-shock
tk takoyaki,3,2,16,4,TK TAKOYAKI | TK Takoyaki | Tk Takoyaki
angels pizza,3,2,15,4,ANGEL'S PIZZA | ANGELS PIZZA | Angel's Pizza
army navy burger burrito,3,2,15,3,ARMY NAVY BURGER + BURRITO | ARMY NAVY BURGER BURRITO | Army Navy Burger + Burrito
dogs and the city,3,2,14,3,DOGS AND THE CITY | Dogs And The City | Dogs and The City
seattles best coffee,3,2,14,3,SEATTLE'S BEST COFFEE | SEATTLES BEST COFFEE | Seattle’s Best Coffee
silver wings,3,2,14,3,SILVER WING'S | SILVER WINGS | Silver Wings
transfer it,3,2,14,4,TRANSFER IT | Transfer It | Transfer It!
k swiss,3,2,13,4,K Swiss | K-SWISS | K-Swiss
manila bankers,3,2,13,3,MANILA BANKERS | MANILA BANKERS (KIOSK) | Manila Bankers
techlife,3,2,13,4,TECHLIFE | TechLife | Techlife
dhl express,3,2,12,3,DHL EXPRESS | DHL Express | Dhl Express
dr mobile,3,2,12,4,DR MOBILE | DR. MOBILE | Dr. Mobile
frankies new york buffalo wings,3,2,12,4,FRANKIE'S NEW YORK BUFFALO WINGS | FRANKIES NEW YORK BUFFALO WINGS | Frankie's New York Buffalo Wings
gems and jewels,3,2,12,3,GEMS AND JEWELS | Gems And Jewels | Gems and Jewels
pag ibig,3,3,12,3,PAG IBIG | PAG-IBIG | Pag-IBIG
pldt smart,3,3,12,3,PLDT SMART | PLDT/ SMART | Pldt-smart
davids tea house,3,2,11,3,DAVID'S TEA HOUSE | DAVIDS TEA HOUSE | David's Tea House
estee lauder,3,2,11,6,ESTEE LAUDER | Estee Lauder | Estée Lauder
jisulife,3,2,11,3,JISULIFE | JisuLife | Jisulife
mang cha a,3,2,11,3,MANG CHA-A | Mang Cha-A | Mang Cha-a
racks,3,2,11,4,RACKS | Racks | Rack’s
aqua mineral,3,2,10,4,AQUA MINERAL | AQUA MINERAL (KIOSK) | Aqua Mineral
eo kids & up,3,2,10,4,EO KIDS & UP | EO Kids & Up | Eo Kids & Up
eng bee tin,3,2,9,5,ENG BEE TIN | Eng Bee Tin | Eng bee tin
i2i,3,2,9,4,I2I | I2i | i2i
mr binatog,3,2,9,4,MR BINATOG | MR. BINATOG | Mr. Binatog
pizza pedricos,3,2,9,3,PIZZA PEDRICO'S | PIZZA PEDRICOS | Pizza Pedrico's
asias lashes,3,2,8,2,ASIA'S LASHES | ASIAS LASHES | Asia's Lashes
bebang halo halo,3,2,8,3,BEBANG HALO - HALO | BEBANG HALO HALO | Bebang Halo Halo
co the collectible store,3,3,8,4,CO THE COLLECTIBLE STORE | CO. THE COLLECTIBLE STORE | CO. The Collectible Store
eggspert,3,2,8,3,EGGSPERT | EggSpert | Eggspert
gourdos,3,2,8,5,GOURDO'S | GOURDOS | Gourdo's
henrys cameras,3,2,8,4,HENRY'S CAMERAS | HENRYS CAMERAS | Henry's Cameras
hq barbershop,3,2,8,4,HQ BARBERSHOP | HQ Barbershop | Hq Barbershop
jm shawarma,3,2,8,3,JM SHAWARMA | JM Shawarma | Jm Shawarma
clarks,3,2,7,4,CLARKS | Clarks | Clark’s
gamextreme,3,2,7,4,GAMEXTREME | GameXtreme | Gamextreme
matcha tokyo,3,2,7,3,Matcha Tokyo | THE MATCHA TOKYO | The Matcha Tokyo
osh kosh b gosh,3,2,7,2,OSH KOSH B GOSH | Osh Kosh B' Gosh | Osh Kosh B’ Gosh
pedal cafe,3,2,7,3,PEDAL CAFE | Pedal Cafe | Pedal Café
robinsons easymart,3,2,7,4,ROBINSON'S EASYMART | ROBINSONS EASYMART | Robinsons Easymart
acme jewelry,3,2,6,4,ACME JEWELRY | ACME Jewelry | Acme Jewelry
bbq chicken,3,2,6,3,BBQ CHICKEN | BBQ Chicken | Bbq Chicken
hyped mangoes,3,2,6,3,HYPED MANGOES | Hyped Mangoes | hyped mangoes
jms shawarma,3,2,6,2,JM's Shawarma | JMS SHAWARMA | JM’s Shawarma
kims ramyun,3,2,6,4,KIM'S RAMYUN | KIMS RAMYUN | Kim's Ramyun
nail a holics,3,2,6,3,NAIL-A-HOLICS | Nail-A-Holics | Nail-a-holics
peri peri,3,3,6,2,PERI_PERI | Peri Peri 8366-5928 / 09664010054 | Peri-Peri
r lapids chicharon,3,3,6,3,R LAPIDS CHICHARON | R. LAPID'S CHICHARON | R. Lapids Chicharon
ucc clockwork,3,2,6,3,UCC CLOCKWORK | UCC Clockwork | Ucc Clockwork
big chill,3,3,5,2,BIG CHILL (MIDTOWN WING) | Big Chill | THE BIG CHILL
cafe mediterranean,3,2,5,3,CAFE MEDITERRANEAN | Cafe Mediterranean | THE CAFE MEDITERRANEAN
cotti coffee,3,2,5,2,COTTI COFFEE | COTTI Coffee | Cotti Coffee
dr brows,3,2,5,2,DR BROWS | DR. BROWS | Dr. Brows
hearts and bells bakery,3,2,5,3,HEARTS AND BELLS BAKERY | Hearts And Bells Bakery | Hearts and Bells Bakery
lord stows bakery,3,2,5,3,LORD STOW'S BAKERY | Lord Stow's Bakery | Lord Stows Bakery
mo cookies,3,3,5,3,MO COOKIES | MO Cookies | Mo' Cookies
oppa studio,3,2,5,2,OPPA STUDIO | OPPA Studio | Oppa Studio
padis point,3,2,5,2,PADI'S POINT | PADIS POINT | Padis Point
philippine explorer,3,2,5,2,PHILIPPINE EXPLORER | PHILIPPINE EXPLORER (KIOSK) | Philippine Explorer
rockys barbershop,3,2,5,3,ROCKY'S BARBERSHOP | ROCKYS BARBERSHOP | Rocky's Barbershop
tiktilaok,3,2,5,4,TIKTILAOK | TIKTILAOK! | Tiktilaok
wolfgangs steakhouse,3,2,5,3,WOLFGANGS STEAKHOUSE | WOLFGANG’S STEAKHOUSE | Wolfgang's Steakhouse
connies kitchen,3,2,4,4,CONNIE'S KITCHEN | CONNIES KITCHEN | Connie's Kitchen
electronics boutique,3,2,4,4,Electronics Boutique | THE ELECTRONICS BOUTIQUE | The Electronics Boutique
fabric warehouse,3,2,4,3,FABRIC WAREHOUSE | Fabric Warehouse | THE FABRIC WAREHOUSE
herbs of the earth,3,2,4,4,HERBS OF THE EARTH | Herbs Of The Earth | Herbs of the Earth
hey sugar,3,2,4,2,HEY SUGAR! | Hey Sugar | Hey Sugar!
kyu kyu ramen,3,2,4,3,KYU KYU RAMEN | Kyu Kyu Ramen | Kyu kyu Ramen
loccitane,3,3,4,3,L'OCCITANE | L'Occitane | LOCCITANE
ms tanghulu,3,3,4,3,MS TANGHULU | Ms Tanghulu | Ms. Tanghulu
ollie & co,3,2,4,3,OLLIE & CO. | Ollie & Co | Ollie & Co.
omf literature,3,2,4,1,OMF LITERATURE | OMF LITERATURE 0925-722-9638 | OMF Literature
pd & co,3,2,4,3,PD & CO. | PD & Co. | Pd & Co
razons by glenn,3,2,4,3,RAZON'S BY GLENN | RAZONS BY GLENN | Razon’s By Glenn
sams everything on stick,3,2,4,2,SAM'S EVERYTHING ON STICK | Sam's Everything On Stick | Sam's Everything on Stick
santinos,3,2,4,2,SANTINO'S | SANTINOS | Santino's
tsurumaru udon x tempura,3,2,4,2,TSURUMARU UDON X TEMPURA | TSURUMARU UDON x TEMPURA | Tsurumaru Udon X Tempura
vpharma,3,2,4,2,VPHARMA | VPHARMA 9493526427 | VPharma
wash n dry,3,3,4,2,WASH N DRY | Wash 'N Dry | Wash N' Dry
ayers lechon,3,2,3,3,AYERS LECHON | AYER’S LECHON | Ayer's Lechon
cookies by the bucket,3,2,3,2,COOKIES BY THE BUCKET | Cookies By The Bucket | Cookies by the Bucket
itel,3,2,3,1,ITEL | Itel | iTEL
kabigtings halo halo,3,3,3,2,KABIGTINGS HALO-HALO | Kabigting's Halo Halo | Kabigting's Halo-Halo
mr macchiato,3,3,3,2,MR MACCHIATO | MR. MACCHIATO | Mr. Macchiato
nail it,3,2,3,2,NAIL IT | Nail It | Nail It!
okoy king,3,2,3,2,OKOY KING | Okoy King | THE OKOY KING
paraynos empanada,3,2,3,1,PARAYNOS EMPANADA | Parayno's Empanada | Paraynos Empanada
ps bank atm,3,3,3,1,PS BANK (ATM) | PS BANK - ATM | PS Bank (ATM booth) (NEW)
razons,3,2,3,3,RAZON'S | Razon's | Razons
sea salt,3,2,3,2,SEA SALT | SEA/SALT | Sea Salt
sm appliance,2,2,87,2,SM APPLIANCE CENTER | SM Appliance
sm store,2,2,71,1,SM STORE | THE SM STORE
mx memoxpress,2,2,55,2,MX MEMOXPRESS | MX MemoXpress
macbeth,2,2,44,3,MACBETH | Macbeth
waltermart supermarket,2,2,44,2,WALTERMART SUPERMARKET | WalterMart Supermarket
zarks burgers,2,2,39,2,ZARKS BURGERS | Zark's Burgers
tobys,2,2,37,2,TOBYS | Toby's 9776592253
h&m,2,2,34,6,H&M | H&m
blk 513,2,2,30,5,BLK 513 | Blk 513
gubys chicharon espesyal,2,2,29,1,GUBY'S CHICHARON ESPESYAL | GUBYS CHICHARON ESPESYAL
alter to fit,2,2,27,3,ALTER TO FIT | Alter to Fit
jbl,2,2,26,4,JBL | Jbl
pag ibig fund,2,2,20,2,PAG IBIG FUND | PAG-IBIG FUND
sense of scents,2,2,20,3,SENSE OF SCENTS | Sense of Scents
jr memoxpress,2,2,19,1,JR MemoXpress | JR. MemoXpress
bonchon chicken,2,2,18,2,BONCHON CHICKEN | BonChon Chicken
coco,2,2,16,3,COCO | COCO+
fonerange,2,2,16,2,FONERANGE | FONERange
dito telecommunity,2,2,15,3,DITO TELECOMMUNITY | DITO Telecommunity
nailaholics nail salon and spa,2,2,15,2,NAILAHOLICS NAIL SALON AND SPA | Nailaholics Nail Salon and Spa
planet vape,2,2,15,3,PLANET VAPE | The Planet Vape
contis bakeshop and restaurant,2,2,14,1,CONTI'S BAKESHOP AND RESTAURANT | CONTIS BAKESHOP AND RESTAURANT
loop by power mac center,2,2,14,2,THE LOOP BY POWER MAC CENTER | The Loop by Power Mac Center
showcase carpet,2,2,14,2,SHOWCASE CARPET | SHOWCASE CARPET (KIOSK)
contis take out nook,2,2,13,2,CONTI'S TAKE OUT NOOK | CONTIS TAKE OUT NOOK
rcc amazing touch,2,2,13,2,RCC AMAZING TOUCH | Rcc Amazing Touch
bingo plus,2,2,12,2,BINGO PLUS | BINGO Plus
mama lous italian kitchen,2,2,12,3,MAMA LOU'S ITALIAN KITCHEN | MAMA LOUS ITALIAN KITCHEN
el bonitos,2,2,11,2,EL BONITOS | El Bonito's
aksesoriz,2,2,10,3,AKSESORIZ | AksesoriZ
chef tonys popcorn,2,2,10,2,CHEF TONYS POPCORN | Chef Tony’s Popcorn
i tech,2,2,10,2,I TECH | I.TECH
klgo,2,2,10,2,KLGO | KLGo
rj guitar center,2,2,10,3,RJ GUITAR CENTER | Rj Guitar Center
santinos supreme slice pizza,2,2,10,2,SANTINO'S SUPREME SLICE PIZZA | SANTINOS SUPREME SLICE PIZZA
fruitas house of desserts,2,2,9,3,FRUITAS HOUSE OF DESSERTS | Fruitas House of Desserts
mom and me nails,2,2,9,3,MOM AND ME NAILS | Mom and Me Nails
peri peri charcoal chicken and sauce bar,2,2,9,2,PERI-PERI CHARCOAL CHICKEN AND SAUCE BAR | Peri Peri Charcoal Chicken And Sauce Bar
bureau of quarantine,2,2,8,3,BUREAU OF QUARANTINE | Bureau of Quarantine
dr james dental clinic,2,2,8,2,DR JAMES DENTAL CLINIC | Dr. James Dental Clinic
kkv,2,2,8,5,KKV | Kkv
blakes wings & steaks,2,2,7,2,BLAKE'S WINGS & STEAKS | BLAKES WINGS & STEAKS
eastwest bank,2,2,7,4,EastWest Bank | Eastwest Bank
jolos kiddie cart,2,2,7,2,JOLOS KIDDIE CART | Jolo’s Kiddie Cart
l time studio,2,2,7,2,L TIME STUDIO | L-TIME STUDIO
rookie usa,2,2,7,2,ROOKIE USA | Rookie Usa
ansons,2,2,6,2,ANSON'S | Ansons
bakers fair,2,2,6,3,BAKER'S FAIR | Bakers Fair
baliwag lechon manok atbp,2,2,6,2,BALIWAG LECHON MANOK ATBP | Baliwag Lechon Manok Atbp.
chatramue,2,2,6,3,CHATRAMUE | ChaTraMue
d candy station,2,2,6,2,D CANDY STATION | D’ Candy Station
dr martens,2,2,6,3,DR MARTENS | DR. MARTENS
geo watch unlimited,2,2,6,2,GEO-WATCH UNLIMITED | Geo Watch Unlimited
juice co the juice bar,2,2,6,2,JUICE CO THE JUICE BAR | JUICE CO.: THE JUICE BAR
mayet dela rosa,2,2,6,1,Mayet Dela Rosa | Mayet dela Rosa
michelles homemade putong ube,2,2,6,2,MICHELLE'S HOMEMADE PUTONG UBE | MICHELLES HOMEMADE PUTONG UBE
midas bag shoe and leather spa,2,2,6,2,"MIDAS BAG SHOE AND LEATHER SPA | MIDAS BAG, SHOE, AND LEATHER SPA"
motor pro,2,2,6,1,Motor Pro | Motor pro
pcso lotto,2,2,6,2,PCSO LOTTO | PCSO Lotto
potdog yummyyes delights,2,2,6,3,POTDOG YUMMYYES DELIGHTS | PotDog YummyYes Delights
rai rai ken,2,2,6,2,RAI RAI KEN | RAI-RAI KEN
teds old timer la paz batchoy,2,2,6,2,TEDS OLD TIMER LA PAZ BATCHOY | Ted's Old timer La Paz Batchoy
tgifridays,2,2,6,2,TGIFRIDAYS | Tgifriday’s
advanced dentistry by dr james,2,2,5,2,ADVANCED DENTISTRY BY DR JAMES | Advanced Dentistry By Dr. James
besas,2,2,5,2,BESA'S | Besas
egg station,2,2,5,2,EGG STATION | EGG Station
jacks lemonade,2,2,5,3,JACK'S LEMONADE | Jacks Lemonade
lucell,2,2,5,3,LUCELL | LuCell
mcdodo,2,2,5,2,MCDODO | Mcdodo
merry moo,2,2,5,2,MERRY MOO | Merry Moo!
ocampos jewelry,2,2,5,2,OCAMPOS JEWELRY | Ocampo's Jewelry
puffys,2,2,5,1,PUFFY'S | PUFFYS
purefoods tj hotdog,2,2,5,2,PUREFOODS TJ HOTDOG | Purefoods Tj Hotdog
vice co,2,2,5,2,VICE CO | Vice Co.
visualities by eo,2,2,5,3,VISUALITIES BY EO | Visualities By EO
zullo coffee and loaf,2,2,5,2,ZULLO COFFEE AND LOAF | Zullo Coffee and Loaf
abe,2,2,4,3,ABE | Abé
beanery gourmet coffee beans,2,2,4,1,THE BEANERY GOURMET COFFEE BEANS | THE BEANERY- GOURMET COFFEE BEANS
buddys,2,2,4,3,BUDDYS | Buddy's
cafe perene,2,2,4,2,CAFE PERENE | Café Perene
chicha san chen,2,2,4,2,CHICHA San Chen | Chicha San Chen
chika an sa cebu,2,2,4,2,CHIKA-AN SA CEBU | Chika-an Sa Cebu
coffee lab,2,2,4,2,COFFEE LAB | THE COFFEE LAB
cupi,2,2,4,2,Cupi | Cupi.
graceland bakers plaza,2,2,4,2,GRACELAND BAKER'S PLAZA | GRACELAND BAKERS PLAZA
halo halo story,2,2,4,2,HALO HALO STORY | HALO-HALO STORY
i sports,2,2,4,3,I SPORTS | I-sports
ice blinker,2,2,4,2,ICE BLINKER | Ice Blink'er
isports,2,2,4,2,ISPORTS | iSports
la churrera,2,2,4,2,LA CHURRERA | La Churrera (timezone)
moms ube & triple chocolate champorado,2,2,4,2,MOM'S UBE & TRIPLE CHOCOLATE CHAMPORADO | MOMS UBE & TRIPLE CHOCOLATE CHAMPORADO
n cat philippines,2,2,4,1,N CAT PHILIPPINES | N.CAT PHILIPPINES
pc chain superstore,2,2,4,2,PC CHAIN SUPERSTORE | Pc Chain Superstore
saladstop,2,2,4,2,SALADSTOP | SaladStop!
santa barbara polo & racquet club,2,2,4,2,"""Santa Barbara Polo & Racquet Club"" | Santa Barbara Polo & Racquet Club"
santis delicatessen,2,2,4,3,Santi's Delicatessen | Santis Delicatessen
sarahs bakehouse,2,2,4,2,SARAH'S BAKEHOUSE | SARAHS BAKEHOUSE
security bank atm,2,2,4,2,SECURITY BANK (ATM) | Security Bank ATM
tharts yema cake,2,2,4,2,THARTS YEMA CAKE | Thart's Yema Cake
3f watch,2,2,3,1,3F WATCH | 3F Watch
7luxe,2,2,3,3,7LUXE | 7Luxe
alley,2,2,3,2,Alley | THE ALLEY
atc massage chair,2,2,3,1,ATC MASSAGE CHAIR (NEW) | ATC Massage Chair
b1t1 takeaway coffee,2,2,3,2,B1T1 TAKEAWAY COFFEE | B1T1 Takeaway Coffee
bens halo halo,2,2,3,2,BEN'S HALO HALO | BENS HALO HALO
bok korean fried chicken,2,2,3,2,BOK KOREAN FRIED CHICKEN | BOK Korean Fried Chicken
books for less,2,2,3,3,BOOKS FOR LESS | Books for Less
daily by bos coffee,2,2,3,2,DAILY BY BO'S COFFEE | Daily by Bo's Coffee
delonghi,2,2,3,2,DELONGHI | De'Longhi
deoglow,2,2,3,2,DEOGLOW | DeoGlow
dhl w express,2,2,3,2,DHL / W EXPRESS | DHL W EXPRESS
diy hardware,2,2,3,3,DIY HARDWARE | DIY Hardware
e restore,2,2,3,2,E Restore | E- RESTORE
elle de marrer,2,2,3,2,Elle De Marrer 639190954320 | Elle de Marrer
eurobel rugs carpets,2,2,3,1,EUROBEL RUGS + CARPETS | EUROBEL RUGS CARPETS
executive facial care,2,2,3,2,Executive Facial Care | The Executive Facial Care
eye sports center by ideal vision center,2,2,3,1,EYE SPORTS CENTER BY IDEAL VISION CENTER | EYE SPORTS CENTER by Ideal Vision Center
fone edge,2,2,3,2,FONE EDGE | FONE EDGE +
fonebytes,2,2,3,2,FONEBytes | Fonebytes
hakata ton ichi,2,2,3,2,HAKATA TON-ICHI | Hakata Ton-ichi
harlan holden,2,2,3,2,HARLAN+HOLDEN | Harlan + Holden
hi precision diagnostics plus,2,2,3,2,HI-PRECISION DIAGNOSTICS PLUS | Hi-precision Diagnostics Plus
i lash extensions salon,2,2,3,2,I-LASH EXTENSIONS SALON | i-LASH EXTENSIONS SALON
inotech,2,2,3,2,INOTECH | iNOtech
istudio plus,2,2,3,3,IStudio Plus | iStudio Plus
iwatch,2,2,3,1,IWATCH | iWATCH
jojies painitan central,2,2,3,2,JOJIE'S PAINITAN CENTRAL 0916-343-5064 | JOJIES PAINITAN CENTRAL
koibitos world of gelato,2,2,3,2,KOIBITOS WORLD OF GELATO | Koibito's World of Gelato
landers superstore,2,2,3,2,LANDER'S SUPERSTORE | Landers Superstore
mn la,2,2,3,3,MN+LA | Mn+ La
mr d i y,2,2,3,2,Mr. D.I.Y. | Mr. D.i.y
mr tentacles,2,2,3,2,MR TENTACLES | Mr. Tentacles
myst,2,2,3,3,MYST | Myst
nail cocktales hand and foot spa,2,2,3,2,NAIL COCKTALES HAND AND FOOT SPA | Nail Cocktales Hand and Foot Spa
nba store,2,2,3,2,NBA STORE | NBA Store
oppo service center,2,2,3,3,OPPO SERVICE CENTER | Oppo Service Center
pc ak ses uh rees,2,2,3,2,PC AK-SES-UH-REES | Pc Ak-Ses-Uh-Rees
pc worx,2,2,3,2,PC WORX | Pc Worx
peri peri charcoal chicken & sauce bar,2,2,3,2,PERI-PERI CHARCOAL CHICKEN & SAUCE BAR | Peri-peri Charcoal Chicken & Sauce Bar
project dc,2,2,3,2,PROJECT DC | Project Dc
r&b tea,2,2,3,2,R&B TEA | R&b Tea
s gadgets,2,2,3,1,S GADGETS | S-Gadgets
siapno tada optical,2,2,3,2,SIAPNO-TADA OPTICAL | Siapno Tada Optical
sofab,2,2,3,2,SOFAB! | Sofab
sports warehouse,2,2,3,2,Sports Warehouse | THE SPORTS WAREHOUSE
stuffd,2,2,3,1,Stuff'D | Stuff'd
sues cake gallery,2,2,3,3,SUES CAKE GALLERY | Sue's Cake Gallery
takoya kiks,2,2,3,2,TAKOYA KIKS | TAKOYA-KIKS
tala by kyla,2,2,3,2,TALA BY KYLA | Tala by Kyla
tender bobs,2,2,3,1,TENDER BOB'S | TENDER BOBS
v jewelry,2,2,3,2,V Jewelry | V! Jewelry
7c silver,2,2,2,1,7C SILVER | 7C Silver
aj thai street food,2,2,2,2,AJ Thai Street Food | Aj Thai Street Food
alberto g&g,2,2,2,2,ALBERTO / G&G | Alberto/G&G
azb88 driving school,2,2,2,2,AZB88 DRIVING SCHOOL | AZB88 Driving School
b braun dialysis center,2,2,2,2,B. Braun Dialysis Center | B.braun Dialysis Center
bag o shrimps,2,2,2,2,BAG O SHRIMPS | Bag O' Shrimps
bbk bibingka & coffee,2,2,2,2,BBK BIBINGKA & COFFEE | BBK: BIBINGKA & COFFEE
bettinas fashion boutique,2,2,2,1,BETTINA'S FASHION BOUTIQUE (OPEN) | BETTINAS FASHION BOUTIQUE TEMPORARILY CLOSED
black crust pizza co,2,2,2,1,BLACK CRUST PIZZA CO | BLACK CRUST PIZZA CO.
blue kitchen,2,2,2,1,BLUE KITCHEN | THE BLUE KITCHEN
bom gosto,2,2,2,2,BOM GOSTO | Bom Gosto!
bong bongs,2,2,2,2,BONG BONGS | Bong-Bongs OPEN
breakfast at antonios,2,2,2,1,BREAKFAST AT ANTONIO'S | Breakfast at Antonio's
buffalo wings n things,2,2,2,2,BUFFALO WINGS' N' THINGS | Buffalo Wings N' Things
burger machine,2,2,2,1,BURGER MACHINE | Burger Machine
byrons backribs,2,2,2,2,BYRONS BACKRIBS | Byron's Backribs
cafe janggeum,2,2,2,1,CAFE JANGGEUM | CAFÉ JANGGEUM
cafe vanleroe,2,2,2,1,CAFE VANLEROE | Café Vanleroe
casa daza by chef sandy,2,2,2,2,CASA DAZA BY CHEF SANDY | Casa Daza by Chef Sandy
chinabank atm,2,2,2,2,Chinabank - ATM | Chinabank ATM
chins express,2,2,2,2,CHIN'S EXPRESS | CHINS EXPRESS
chocful of nuts,2,2,2,2,Chocful Of Nuts | Chocful of Nuts
chongs siomai rice,2,2,2,2,CHONGS SIOMAI RICE | CHONG’S SIOMAI RICE
chooks diner,2,2,2,2,CHOOK'S DINER | Chooks Diner
chooks to go,2,2,2,2,CHOOKS TO GO | Chooks to Go
contis bakeshop,2,2,2,2,Contis Bakeshop | Conti’s Bakeshop
cuts for tots,2,2,2,1,Cuts For Tots | Cuts for Tots
d kapitan sisig,2,2,2,2,D KAPITAN SISIG | ‘D KAPITAN SISIG
e phone,2,2,2,2,E - PHONE | E-PHONE
earl of sandwich,2,2,2,2,EARL OF SANDWICH | Earl of Sandwich
eo kids,2,2,2,1,EO KIDS | EO Kids
executive optical (eo),2,2,2,1,EXECUTIVE OPTICAL (EO) | Executive Optical (EO)
fit n style,2,2,2,1,FIT 'N STYLE | Fit N' Style
food club,2,2,2,2,Food Club | THE FOOD CLUB
gaudencious lugaw to go,2,2,2,1,Gaudenciou's Lugaw To Go | Gaudencious Lugaw To Go
gems empanada,2,2,2,1,GEM'S EMPANADA | Gems Empanada
george and onnies,2,2,2,2,GEORGE and ONNIE'S | George and Onnie's
hai sha,2,2,2,1,Hai-Sha | Hai-sha
happy play cafe,2,2,2,1,Happy Play Cafe | The Happy Play Café
healthy shabu shabu,2,2,2,2,HEALTHY SHABU SHABU | Healthy Shabu-Shabu
hearts and bells,2,2,2,2,HEARTS AND BELLS | Hearts and Bells
himay himay,2,2,2,2,HIMAY HIMAY | HIMAY-HIMAY
honey tang,2,2,2,2,"HONEY TANG | Honey, Tang"
hongkong style noodles and dimsum,2,2,2,2,HONGKONG STYLE NOODLES AND DIMSUM | Hongkong Style Noodles and Dimsum
hotpot session,2,2,2,2,HOTPOT SESSION (0991 421 6242) | HotPot Session
icenter,2,2,2,2,ICENTER | ICenter
icetag cafe,2,2,2,1,ICETAG CAFE | ICETAG CAFÉ
irefresh,2,2,2,1,iREFRESH | iRefresh
istudio,2,2,2,2,Istudio | iStudio
j co donuts & coffee,2,2,2,1,J. CO DONUTS & COFFEE | J.Co Donuts & Coffee
jay js inasal & restaurant,2,2,2,1,JAY J'S INASAL & RESTAURANT | JAY-J'S INASAL & RESTAURANT
jayms fashion,2,2,2,1,JAYM's fashion | Jaym's Fashion
jems barber salon,2,2,2,1,Jem's Barber Salon | Jems Barber Salon
juans bistro,2,2,2,2,JUANS BISTRO | Juan's Bistro
jv shop n shop,2,2,2,2,JV SHOP N SHOP | JV SHOP N’ SHOP
kaon ta,2,2,2,1,KAON TA! | Kaon Ta
kids box by kidzooona,2,2,2,1,KID'S BOX BY KIDZOOONA | KIDS BOX BY KIDZOOONA
klgo mobile accessories,2,2,2,1,KLGO MOBILE ACCESSORIES | KLGO Mobile Accessories
lalaurs beauty products,2,2,2,1,LALAUR'S BEAUTY PRODUCTS | Lalaurs Beauty Products
lemon grass,2,2,2,2,LEMON GRASS | THE LEMON GRASS
lovelink,2,2,2,2,LOVELINK | LoveLink
lower left,2,2,2,2,Lower Left | THE LOWER LEFT
machi machi,2,2,2,1,MACHI MACHI | Machi Machi
macho mucho,2,2,2,2,MACHO MUCHO | Macho Mucho
mad marks,2,2,2,2,MAD MARKS | Mad Mark's
manila bankers life insurance,2,2,2,2,MANILA BANKER'S LIFE INSURANCE | MANILA BANKERS LIFE INSURANCE
marisons,2,2,2,2,MARISONS | Marison’s
mbt,2,2,2,2,MBT | Mbt
medicard,2,2,2,2,MediCard | Medicard
nail garden,2,2,2,2,NAIL GARDEN | THE NAIL GARDEN
nail lounge,2,2,2,2,Nail Lounge | THE NAIL LOUNGE
natys lechon,2,2,2,2,NATY'S LECHON | NATYS LECHON
no 1 malatang,2,2,2,2,NO. 1 MALATANG | No.1 Malatang
ok bob,2,2,2,2,"OK Bob | OK, BOB"
ono poke,2,2,2,2,ONO Poke | Ono Poke
panaderia de molo,2,2,2,2,PANADERIA DE MOLO | Panaderia de Molo
pancit ng taga malabon,2,2,2,2,PANCIT NG TAGA MALABON | Pancit Ng Taga Malabon
pc madness,2,2,2,2,PC MADNESS | Pc Madness
pcso lotto outlet,2,2,2,1,PCSO LOTTO OUTLET | PCSO Lotto Outlet
perfect pint,2,2,2,2,Perfect Pint | THE PERFECT PINT
petshop ph,2,2,2,2,PETSHOP.PH | Petshop.ph
pho hoa my thai,2,2,2,2,PHO HOA MY THAI | Pho Hoa / My Thai
pks mobile,2,2,2,1,"""PK'S MOBILE "" | PKS Mobile"
pngb,2,2,2,2,PNGB | Pngb
pnp national police clearance,2,2,2,1,PNP National Police Clearance | PNP- National Police Clearance
powermac,2,2,2,1,POWERMAC | PowerMac
precious and nick asher scrap gold buyer,2,2,2,2,PRECIOUS AND NICK ASHER SCRAP GOLD BUYER | Precious and Nick Asher Scrap Gold Buyer 0943-1356561
pru life uk,2,2,2,1,Pru Life UK | Pru Life Uk
q cards,2,2,2,2,Q CARDS | Q-cards
qsi perfume station,2,2,2,1,QSI PERFUME STATION | QSI Perfume Station
rc perfume,2,2,2,2,RC PERFUME | Rc Perfume
ready set relax massage & spa,2,2,2,2,Ready-Set-Relax Massage & Spa | Ready-set-relax Massage & Spa
sans rival cakes and pastries,2,2,2,1,SANS RIVAL CAKES AND PASTRIES | Sans Rival Cakes and Pastries
sen ryo,2,2,2,2,SEN-RYO | sen-ryo
shake n slurp,2,2,2,2,SHAKE N SLURP | SHAKE N' SLURP
shilvys delicacies,2,2,2,2,SHILVYS DELICACIES | Shilvy's Delicacies
social technomatic save n earn,2,2,2,1,SOCIAL TECHNOMATIC / SAVE N' EARN | Social Technomatic/Save N' Earn 9481175744
southern sky travel and tours,2,2,2,2,SOUTHERN SKY TRAVEL AND TOURS | Southern Sky Travel and Tours
sweet n fancy,2,2,2,1,SWEET N FANCY | SWEET N' FANCY
tangfruits,2,2,2,2,TangFruits | Tangfruits
tomoro coffee,2,2,2,2,TOMORO COFFEE | TOMORO Coffee
u s polo assn,2,2,2,2,U.S POLO ASSN. | U.S. Polo Assn.
uv care,2,2,2,2,UV CARE | UV Care
wiijump trampoline park,2,2,2,2,WiiJUMP Trampoline Park | Wiijump Trampoline Park
yole,2,2,2,1,YOLÉ | Yole
